post_name,item_section_type,item_what_happened,item_why_it_matters,source_name,title,authors,image,post_date
Trump Tyranny Tracker: Day 253,üî• In Corruption News,"Treasury Secretary Scott Bessent unveiled a $20 billion bailout for Argentina that funnels benefits to billionaire Rob Citrone, his longtime associate, who had recently boosted his bond holdings. Citrone, who previously enriched Bessent, made the bet just before CPAC-linked lobbyists, paid by Argentina, helped secure the deal.","Trump is pushing the U.S. toward a shutdown, the economy is deteriorating, and farmers are on the verge of bankruptcy‚Äîyet his regime is bailing out Argentina‚Äôs economy. This ridiculous deal is about enriching Trump‚Äôs cronies while abandoning Americans at home.",Mother Jones,Trump‚Äôs Argentina Bailout Enriches One Well-Connected US Billionaire,"Judd Legum, Dan Friedman, Hannah Levintova, Rebecca Crosby, Noel Sims, Pema Levy, Julia M√©traux, Keerti Gopal, Jackie Flynn Mogensen, Henry Carnell",https://www.motherjones.com/wp-content/uploads/2025/09/20250929-citrone.jpg?w=1200&h=630&crop=1,"Sep 30, 2025"
Trump Tyranny Tracker: Day 253,üî• In Corruption News,"YouTube agreed to pay Trump $24.5 million to settle his lawsuit over the suspension of his account after January 6. Of that, $22 million will fund Trump‚Äôs planned White House ballroom, with the rest going to allied plaintiffs like the American Conservative Union.","The settlement turns a ‚Äúfree-speech‚Äù fight into a cash pipeline for Trump‚Äôs vanity projects. By steering corporate payouts into his ballroom, he‚Äôs blurring public office and private gain, converting legal battles into revenue streams for his empire.",CBS News,YouTube to pay $22 million for White House ballroom to settle lawsuit from Trump,"Jacob, Justice Department Reporter, Jake Rosen Is A Reporter Covering The Department Of Justice. He Was Previously A Campaign Digital Reporter Covering President Trump'S Campaign, Also Served As An Associate Producer For, Face The Nation With Margaret Brennan., Read Full Bio, Arden, Jennifer",https://assets1.cbsnewsstatic.com/hub/i/r/2025/09/25/27c26987-c84b-4934-9d18-6b1c048aacae/thumbnail/1200x630/142ca26cbd61a34a24cb6ee36c513fce/ballroom1.jpg,"Sep 30, 2025"
Trump Tyranny Tracker: Day 253,üõ°Ô∏è In Power Consolidation News,"Russell Vought, Trump‚Äôs budget chief, is driving a plan to expand presidential power by gutting agencies, canceling spending, and seizing control of independent regulators. After sidelining Elon Musk‚Äôs unauthorized DOGE, Vought has set up legal fights to allow Trump to override Congress‚Äôs power of the purse.","Vought is enforcing Project 2025, an authoritarian plan to shred checks and balances. He‚Äôs gutting agencies, purging civil servants, and locking in Trump‚Äôs control‚Äîturning the U.S. government into a weapon of Trump‚Äôs rule.",New York Times,nytimes.com,,,"Sep 30, 2025"
Trump Tyranny Tracker: Day 253,üõ°Ô∏è In Power Consolidation News,"Trump‚Äôs demand for James Comey‚Äôs indictment set a precedent of prosecuting political foes, with Kash Patel and others weaponizing institutions against perceived enemies. Even Republicans warn this ‚Äúretribution campaign‚Äù could boomerang, normalizing cycles of partisan revenge once Democrats regain power.","Trump is weaponizing government to crush his opponents and carry out his retribution, and this is only the beginning. Our taxpayer-funded agencies are being turned into his personal enforcers, following the same authoritarian playbook Putin used to erase dissent and cement power.",New York Times,nytimes.com,,,"Sep 30, 2025"
Trump Tyranny Tracker: Day 253,‚öñÔ∏è In Weaponization of Institutions News,"Internal DOE memos show Trump officials weighing a plan to divert plutonium, including from nuclear warhead ‚Äúpits,‚Äù into civilian reactors. Watchdogs and lawmakers warn that the move undermines U.S. arsenal readiness, boosts proliferation risks, and reeks of conflicts of interest with firms like Oklo.",Using weapons-grade plutonium for power blurs the line between defense stockpiles and industry supply chains. It weakens nuclear deterrence and fuels global risks‚Äîall to prop up an unproven reactor market and meet AI‚Äôs surging energy demand.,Politico,Just a moment...,,,"Sep 30, 2025"
Trump Tyranny Tracker: Day 253,‚öñÔ∏è In Weaponization of Institutions News,"Pete Hegseth federalized 200 Oregon National Guard troops after Trump ordered deployments to Portland to ‚Äúprotect‚Äù an ICE facility. Oregon‚Äôs attorney general immediately sued Trump, Hegseth, and Kristi Noem, blasting the move as unconstitutional and rooted in false claims of ‚Äúdomestic terrorists.‚Äù",Trump is expanding a police state by normalizing military occupations of Democratic-led cities. Oregon‚Äôs lawsuit will test whether courts can rein in his push to override state authority and use federal troops for political control.,Reuters,reuters.com,,,"Sep 30, 2025"
Trump Tyranny Tracker: Day 253,‚öñÔ∏è In Weaponization of Institutions News,"The Justice Department has opened a national security probe into FBI leadership under Christopher Wray over alleged ‚Äúmishandling‚Äù of documents tied to the Durham investigation. Prosecutors in Virginia are questioning senior FBI staff and reviewing classified records in ‚Äúburn bags,‚Äù following Trump‚Äôs calls for more indictments after James Comey‚Äôs prosecution.","This escalates Trump‚Äôs purge of FBI leaders, weaponizing the DOJ to criminalize perceived enemies. By targeting Wray, his own appointee, Trump shows that no one is safe, shredding the independence of U.S. law enforcement and tightening his authoritarian grip.",CNN,Trump‚Äôs DOJ probes former FBI leadership over document mishandling allegations,"Katelyn, Polantz, Evan Perez","https://media.cnn.com/api/v1/images/stellar/prod/gettyimages-2225265247.jpg?c=16x9&q=w_800,c_fill","Sep 30, 2025"
Trump Tyranny Tracker: Day 253,‚öñÔ∏è In Weaponization of Institutions News,"The Government Accountability Office ruled FEMA illegally withheld funds for homeless aid, migrant services, and emergency warning systems. GAO said the move violated the Impoundment Control Act, which restricts presidents from blocking congressionally approved spending.","Echoing Trump‚Äôs Ukraine aid freeze, the ruling shows a pattern of abusing budget powers for political aims. By unlawfully blocking disaster and shelter funds, Trump undermines Congress‚Äôs authority and leaves vulnerable communities without critical support.",The Hill,Access to this page has been denied,,,"Sep 30, 2025"
Trump Tyranny Tracker: Day 253,‚öñÔ∏è In Weaponization of Institutions News,"Trump said George Soros was a ‚Äúlikely candidate‚Äù for prosecution, escalating his crackdown on liberal groups after activist Charlie Kirk‚Äôs killing. Soros‚Äô Open Society Foundations called it a political attack, echoing Hungary‚Äôs Viktor Orb√°n, who forced the group out of the country.","Targeting Soros and OSF expands Trump‚Äôs weaponized DOJ from political rivals to civil society. By branding nonprofits as ‚Äúterrorism,‚Äù he is normalizing authoritarian tactics to criminalize dissent and erode democracy.",NPR,'We're not afraid': George Soros' foundation on being Trump's next target,Steve Inskeep,https://npr.brightspotcdn.com/dims3/default/strip/false/crop/4335x2438+0+271/resize/1400/quality/100/format/jpeg/?url=http%3A%2F%2Fnpr-brightspot.s3.amazonaws.com%2Fed%2Fa5%2Fa64b39ff41ab9f359b199add9797%2Fgettyimages-2222749678.jpg,"Sep 30, 2025"
Trump Tyranny Tracker: Day 253,‚öñÔ∏è In Weaponization of Institutions News,"An ICE officer filmed assaulting a woman to the floor outside New York‚Äôs immigration court has been reinstated just days after DHS called his behavior ‚Äúunacceptable.‚Äù The video, showing officers tearing apart a family, triggered outrage and demands for prosecution from New York officials.","The reversal underscores Trump‚Äôs embrace of abusive enforcement tactics and disregard for accountability. By restoring the officer, he reiterates that brutality is not only tolerated but rewarded.",CBS News,ICE officer seen on video pushing woman to ground has returned to duty,"Camilo, Immigration Reporter, Camilo Montoya-Galvez Is The Immigration Reporter At Cbs News. Based In Washington, He Covers Immigration Policy, Read Full Bio",https://assets3.cbsnewsstatic.com/hub/i/r/2025/09/25/f2c52708-08e6-40f8-a67d-5e424a72ca52/thumbnail/1200x630/cd597facb199fc0e13fab98e1850663a/5co-federal-plaza-ice-wcbsf7rn-hi-res-still.jpg,"Sep 30, 2025"
Trump Tyranny Tracker: Day 253,‚öñÔ∏è In Weaponization of Institutions News,"Federal agents in camouflage detained Jaime Ramirez, his wife Noemi Chavez, and their two children at Chicago‚Äôs Millennium Park without showing a warrant, disappearing them into a Border Patrol vehicle as bystanders filmed. Chavez says she was pressured to sign a voluntary departure order, refused, and was still told she and her children would be deported to Guatemala‚Äîdespite a lack of legal justification. Her husband remains held separately as DHS‚Äôs ‚ÄúOperation at Large‚Äù swept up multiple families across Chicago.","Federal agents continue openly bypassing due process, using militarized raids in public spaces to target families with young children. Disappearing people without legal authority shreds constitutional protections.",Chicago Tribune,"Mother, children detained by ICE at Millennium Park Sunday held at O‚ÄôHare with other families: ‚ÄòWe never imagined‚Äô",Laura Rodr√≠guez Presa,https://www.chicagotribune.com/wp-content/uploads/2025/09/CTC-Broadview-IC240518800.jpg?w=1024&h=692,"Sep 30, 2025"
Trump Tyranny Tracker: Day 253,‚öñÔ∏è In Weaponization of Institutions News,"Masked Border Patrol agents in camouflage marched through downtown Chicago, detaining people in public based partly on ‚Äúhow they look,‚Äù Commander Gregory Bovino admitted. The armed patrols‚Äîpassing Millennium Park and Trump Tower‚Äîwere part of Trump‚Äôs ‚ÄúOperation At Large,‚Äù greenlit by a Supreme Court ruling that permits stops based on race and language.",This is racial profiling on steroids‚Äîfederal agents targeting people by appearance in the heart of U.S. cities. Trump is using militarized roundups to erode constitutional protections and stage intimidation spectacles.,Chicago Sun Times,Feds march into Downtown Chicago; top border agent says people are arrested based partly on ‚Äòhow they look‚Äô,"Chip Mitchell, Ashlee Rezin, Kaitlin Washburn, Mary Norkol, Jon Seidel",https://cst.brightspotcdn.com/dims4/default/4ebd68f/2147483647/strip/true/crop/7029x4012+0+338/resize/1461x834!/quality/90/?url=https%3A%2F%2Fchorus-production-cst-web.s3.us-east-1.amazonaws.com%2Fbrightspot%2F8e%2Fff%2F03b1697e4a7784e1bae4dc42e522%2Fice-092925-09.JPG,"Sep 30, 2025"
Trump Tyranny Tracker: Day 253,‚öñÔ∏è In Weaponization of Institutions News,"The Justice Department filed a civil suit against pro-Palestinian groups in New Jersey, accusing them of intimidating Jewish worshippers at a synagogue protest. In a first-of-its-kind move, the DOJ invoked the FACE Act‚Äîa law typically used to protect abortion clinics‚Äîto target demonstrators.",The case highlights how Trump‚Äôs DOJ is weaponizing civil rights law selectively‚Äîcurtailing its use against anti-abortion activists while expanding it against pro-Palestinian groups. It marks another step in criminalizing dissent.,Reuters,reuters.com,,,"Sep 30, 2025"
Trump Tyranny Tracker: Day 253,‚öñÔ∏è In Weaponization of Institutions News,"Two HUD attorneys, Palmer Heenan and Paul Osadebe, were dismissed after exposing Trump officials‚Äô efforts to stall or kill Fair Housing Act enforcement. Internal memos show civil rights work was deemed ‚Äúnot a priority,‚Äù blocking thousands of discrimination cases against landlords, lenders, and realtors.","Trump‚Äôs purge of whistleblowers and civil rights lawyers guts a cornerstone of U.S. anti-discrimination protections. By silencing those tasked with enforcing housing rights, he‚Äôs dismantling safeguards and consolidating power through fear.",New York Times,nytimes.com,,,"Sep 30, 2025"
Trump Tyranny Tracker: Day 253,‚öñÔ∏è In Weaponization of Institutions News,"ICE disappears dozens of West Africans to Ghana despite court rulings blocking their removal, after which Ghana expelled some into Togo without documents. Deportees include political dissidents and LGBTQ people now stranded and in hiding.","Trump is defying U.S. courts and international law, weaponizing disappearances as collective punishment. Vulnerable people are being dumped into danger, shredding due process and basic human rights.",The Guardian,West Africans deported from US to Ghana ‚Äòdumped without documents in Togo‚Äô,,"https://i.guim.co.uk/img/media/d65eb5a048ba6c8f88559d116423d99ee56ca6c0/750_0_3750_3000/master/3750.jpg?width=1200&height=630&quality=85&auto=format&fit=crop&precrop=40:21,offset-x50,offset-y0&overlay-align=bottom%2Cleft&overlay-width=100p&overlay-base64=L2ltZy9zdGF0aWMvb3ZlcmxheXMvdGctZGVmYXVsdC5wbmc&enable=upscale&s=0ddf5d1d129f9b826df589e0dc28007f","Sep 30, 2025"
Trump Tyranny Tracker: Day 253,‚öñÔ∏è In Weaponization of Institutions News,"Trump officials moved to exclude Harvard University from all federal contracts and funding, accusing the school of ‚Äúdeliberate indifference‚Äù to campus antisemitism. If upheld, Harvard would lose billions in research dollars, and its students would be barred from federal loans, aid, and fellowships.","This is the most extreme escalation yet in Trump‚Äôs war on elite universities, effectively threatening Harvard with financial annihilation. It‚Äôs part of a broader campaign to weaponize federal funding against institutions seen as ideological enemies.",Bloomberg,Are you a robot?,,,"Sep 30, 2025"
Trump Tyranny Tracker: Day 253,‚öñÔ∏è In Weaponization of Institutions News,,,,,,,"Sep 30, 2025"
Trump Tyranny Tracker: Day 253,‚öñÔ∏è In Weaponization of Institutions News,"Top U.S. generals, including Joint Chiefs Chairman Gen. Dan Caine, are sounding alarms over Pete Hegseth‚Äôs strategy that shifts the Pentagon‚Äôs focus to homeland crackdowns. The plan cuts forces in Europe and Africa while prioritizing border deployments and domestic operations over countering China.","The strategy politicizes the military and weakens alliances, sidelining China as a threat. By tying defense to Trump‚Äôs domestic agenda and purging generals, Hegseth is turning the Pentagon into a partisan weapon‚Äîas Trump launches a war on the American people.",Washington Post,,,,"Sep 30, 2025"
Trump Tyranny Tracker: Day 253,‚öñÔ∏è In Weaponization of Institutions News,"Draft HUD rules obtained by ProPublica reveal Trump officials planning work requirements, two-year limits, and strict immigration checks on federal housing aid. Families with even one undocumented member would lose assistance, putting millions at risk of eviction and homelessness.","This is a direct assault on the housing safety net amid record rents and homelessness. Framed as ‚Äúself-sufficiency,‚Äù the plan will uproot children, destabilize families, and leave millions without shelter.",ProPublica,Millions Could Lose Housing Aid Under Trump Plan,"Jesse Coburn, I Welcome Tips Anyone, Especially Government Officials, About Wrongdoing Or Injustice In The Fields Of Housing, .Wp-Block-Propublica-Byline Font-Size Var, Media Min-Width",https://www.propublica.org/wp-content/uploads/2025/09/HUD-Cuts-OG.jpg,"Sep 30, 2025"
Trump Tyranny Tracker: Day 253,‚öñÔ∏è In Weaponization of Institutions News,"Federal drug prosecutions in 2025 fell to their lowest level in decades as Trump redirected prosecutors and agents to immigration enforcement. Conspiracy and money-laundering cases against cartel leaders have stalled, and the DOJ‚Äôs top anti-cartel task force is being dismantled.","Trump vowed a drug war but gutted real investigations to feed his deportation machine. The pivot leaves fentanyl pipelines unchecked, cripples cartel cases, and turns federal law enforcement into little more than political theater.",Reuters,reuters.com,,,"Sep 30, 2025"
Trump Tyranny Tracker: Day 253,‚öñÔ∏è In Weaponization of Institutions News,"Months after a mile-wide tornado leveled parts of St. Louis, FEMA aid remains frozen as Trump‚Äôs downsizing agenda cripples recovery. Staff exits, bureaucratic logjams, and diversion of FEMA resources to ICE have left debris uncleared and schools shuttered, forcing residents to organize their own relief.","By hollowing out FEMA, Trump is dismantling disaster response and leaving states to fend for themselves. Communities from Missouri to Texas are paying the price now, with future hurricanes, floods, and wildfires poised to unleash even greater chaos.",Wall Street Journal,wsj.com,,,"Sep 30, 2025"
Trump Tyranny Tracker: Day 253,‚öñÔ∏è In Weaponization of Institutions News,"North Carolina ended its Medicaid ‚ÄúHealthy Opportunities Pilot,‚Äù which provided food, housing, and transportation aid to vulnerable residents. The program, shown to improve health and cut hospital costs, was cut after Trump‚Äôs Medicaid reductions, and state Republican lawmakers declined to renew funding.","Thousands of struggling families are now left without fresh food or safe housing in a region still reeling from Hurricane Helene. The shutdown shows how Trump‚Äôs cuts to social safety nets are stripping away lifelines for the poor, leaving long-term health and economic fallout.",New York Times,nytimes.com,,,"Sep 30, 2025"
Trump Tyranny Tracker: Day 253,‚öñÔ∏è In Weaponization of Institutions News,Trump will open 13 million acres of federal land for coal mining and direct $625 million to revive or modernize coal plants. The plan slashes royalties and mandates keeping fossil-fuel facilities online despite scheduled retirements.,"Trump continues reversing clean-energy gains and subsidizing the dirtiest fuel in America. The policy locks in decades of pollution, sidelines cheaper renewables, and props up a dying industry to serve his fossil-fuel agenda and donors.",Associated Press,"Trump administration opens more land for coal mining, offers $625M to boost coal-fired power plants","Daly Covers Climate, Environment, Energy Policy For The Associated Press. He Is Based In Washington",https://dims.apnews.com/dims4/default/b7dbf92/2147483647/strip/true/crop/3000x1688+0+150/resize/1440x810!/quality/90/?url=https%3A%2F%2Fassets.apnews.com%2F3a%2Ff1%2Ffc4def6787211a1b295882210e26%2Fc81af9121f4e4c08a1d9dfa8e7f63c3c,"Sep 30, 2025"
Trump Tyranny Tracker: Day 253,‚öñÔ∏è In Weaponization of Institutions News,"West Virginia, where coal generates 86% of electricity, is seeing utility bills rise nearly twice the national average. Almost one in five households is behind on payments, with disconnections surging as Trump‚Äôs policies force coal plants to stay open while blocking cheaper wind and solar projects.","Trump‚Äôs coal-first agenda is driving residents in America‚Äôs coal capital into energy poverty, with families paying rent-sized energy bills. The state‚Äôs reliance on costly, aging coal plants shows how fossil-fuel dependency locks consumers into decades of higher prices while cleaner, cheaper alternatives are sidelined.",New York Times,nytimes.com,,,"Sep 30, 2025"
Trump Tyranny Tracker: Day 253,‚öñÔ∏è In Weaponization of Institutions News,"Trump‚Äôs 2026 budget and House Republicans propose nearly $2 billion in cuts to HIV prevention and treatment, including eliminating the CDC‚Äôs HIV-prevention division and slashing NIH research grants. Experts warn these cuts could drive 200,000 new HIV cases by 2030, undermining years of bipartisan progress.","The U.S. has the tools to end the HIV epidemic, with breakthroughs like long-acting PrEP, but gutting prevention and treatment programs will reverse hard-won gains. The cuts reflect Trump‚Äôs broader push to dismantle public health funding while prioritizing tax breaks for the wealthy.",NBC News,,,,"Sep 30, 2025"
Trump Tyranny Tracker: Day 253,‚öñÔ∏è In Weaponization of Institutions News,"The Transportation Department will no longer enforce Biden-era rules requiring airlines to reimburse passengers for damages and extra costs when wheelchairs are mishandled. The protections, opposed by major airlines, were designed to address widespread problems for disabled travelers.","Trump‚Äôs rollback leaves millions of disabled passengers vulnerable to abuse, gutting accountability for airlines that damage or lose mobility devices. By siding with corporate interests, the regime is stripping away basic rights and dignity in air travel.",Reuters,reuters.com,,,"Sep 30, 2025"
Trump Tyranny Tracker: Day 253,‚öñÔ∏è In Weaponization of Institutions News,,,,,,,"Sep 30, 2025"
Trump Tyranny Tracker: Day 253,‚öñÔ∏è In Weaponization of Institutions News,"Stephen Miller, Trump‚Äôs deputy chief of staff, has been directing U.S. strikes on alleged Venezuelan drug boats via his Homeland Security Council, sidelining Marco Rubio and the NSC.","Miller‚Äôs control highlights how Trump has centralized war-making in loyalists under shaky legal cover, bypassing normal oversight. The strikes risk sparking regional conflict while normalizing unilateral executive use of military force without Congress or allies.",The Guardian,Stephen Miller takes leading role in strikes on alleged Venezuelan drug boats,Hugo Lowell,"https://i.guim.co.uk/img/media/8084c6d18049f20cf802c97a7418b903e209c428/501_0_4085_3268/master/4085.jpg?width=1200&height=630&quality=85&auto=format&fit=crop&precrop=40:21,offset-x50,offset-y0&overlay-align=bottom%2Cleft&overlay-width=100p&overlay-base64=L2ltZy9zdGF0aWMvb3ZlcmxheXMvdGctZGVmYXVsdC5wbmc&enable=upscale&s=1adff5f05020936a11f4f4406b848306","Sep 30, 2025"
Trump Tyranny Tracker: Day 253,‚öñÔ∏è In Weaponization of Institutions News,,,,,,,"Sep 30, 2025"
Trump Tyranny Tracker: Day 253,‚öñÔ∏è In Weaponization of Institutions News,"Ukrainian specialists joined Danish forces for ‚ÄúWings of Defense,‚Äù a weeklong counter-drone exercise prompted by recent unidentified drone incursions over Denmark, including airports and military sites. Kyiv‚Äôs combat-tested drone expertise is central to the training.","The drills deepen Ukraine-Denmark defense ties while directly responding to Russia-linked aerial threats on NATO‚Äôs northern flank. With Europe facing escalating drone warfare, Ukraine‚Äôs battlefield experience is a critical asset for allied security.",Kyiv Independent,Ukrainian specialists join Danish forces for counter-drone drills amid airspace violations,"Lucy Pakhnyuk, Kateryna Hodunova, The Kyiv Independent, News Editor",https://assets.kyivindependent.com/content/images/2025/03/GettyImages-1726918799.jpg,"Sep 30, 2025"
Trump Tyranny Tracker: Day 253,‚öñÔ∏è In Weaponization of Institutions News,"At the Warsaw Security Forum, Ukrainian President Zelenskyy called for a joint air defense shield with Poland and other allies to counter Russian drones and missiles. Ukraine will train Polish troops on drone countermeasures, while Romania pursues joint drone production with Kyiv under EU funding.","The plan highlights Ukraine‚Äôs frontline expertise as NATO scrambles to respond to Russian airspace incursions in Poland and the Baltics. But Germany warns a full ‚Äúdrone wall‚Äù could take years, underscoring both Europe‚Äôs urgency and its lagging defense capacity against escalating Russian threats.",Reuters,reuters.com,,,"Sep 30, 2025"
Trump Tyranny Tracker: Day 253,‚öñÔ∏è In Weaponization of Institutions News,"Moldova‚Äôs ruling Party of Action and Solidarity (PAS) won 50.1% of the vote, defeating pro-Russian blocs and securing about 55 of 101 seats in parliament. Authorities reported massive Russian cyberattacks, vote-buying, and disinformation operations aimed at swaying the election.","The result is a decisive victory for Moldova‚Äôs EU path and a blow to Moscow‚Äôs efforts to pull the country back into its orbit. With a majority, PAS can push reforms and EU accession plans, though Russia‚Äôs hybrid warfare will continue.",NPR,"Moldova's pro-EU party wins clear parliamentary majority, defeating pro-Russian groups",The Associated Press,https://npr.brightspotcdn.com/dims3/default/strip/false/crop/6241x3511+0+325/resize/1400/quality/100/format/jpeg/?url=http%3A%2F%2Fnpr-brightspot.s3.amazonaws.com%2F32%2F91%2F70b1b66348d2ad08f5075a8af9e7%2Fap25271767277920.jpg,"Sep 30, 2025"
Trump Tyranny Tracker: Day 253,‚öñÔ∏è In Weaponization of Institutions News,"Trump‚Äôs sweeping tariffs are squeezing small businesses that lack the cash reserves and supply chain flexibility of larger corporations. Owners from Denver to Chicago report slashed profit margins, layoffs, and desperate cost-cutting as import duties on goods from China, Europe, and Latin America drive up expenses they can‚Äôt fully pass to customers.","While Trump boasts of punishing foreign rivals, his tariffs are crushing America‚Äôs economic backbone‚Äîsmall businesses that employ millions. Many now face bankruptcy or layoffs, deepening economic inequality and exposing how Trump‚Äôs trade wars hit ordinary entrepreneurs hardest.",New York Times,nytimes.com,,,"Sep 30, 2025"
Trump Tyranny Tracker: Day 253,‚öñÔ∏è In Weaponization of Institutions News,"China, once the top buyer of U.S. soybeans at $12.6 billion last year, hasn‚Äôt purchased any since May after retaliatory tariffs from Trump‚Äôs trade war. Instead, it bought over a million tons from Argentina, aided by Trump‚Äôs $20 billion bailout, leaving U.S. exports down 23% and farmers with oversupply and shrinking storage.","Trump‚Äôs tariffs wiped out America‚Äôs top farm export market, driving China to Argentina while U.S. farmers drown in unsold crops. As the Midwest faces financial ruin, Trump is betraying U.S. farmers at home even as he bails out Argentina‚Äôs economy abroad.",New York Times,nytimes.com,,,"Sep 30, 2025"
Trump Tyranny Tracker: Day 253,‚öñÔ∏è In Weaponization of Institutions News,"Trump vowed to slap a 100% tariff on all foreign-made movies and ‚Äúsubstantial‚Äù tariffs on imported furniture, claiming the moves would revive U.S. industries. The plans, announced on social media without details, follow last week‚Äôs new levies on upholstered furniture and cabinets.","The threats add chaos to Trump‚Äôs already erratic trade regime, unsettling businesses while offering little clarity on enforcement. A movie tariff in particular would be nearly impossible to implement, underscoring Trump‚Äôs use of trade policy as political theater.",Bloomberg,Are you a robot?,,,"Sep 30, 2025"
Trump Tyranny Tracker: Day 253,‚öñÔ∏è In Weaponization of Institutions News,"Wall Street‚Äôs 2025 stock surge has set repeated records, fueled by rate cuts, strong earnings, and Trump‚Äôs corporate tax breaks. But analysts warn the rally looks frothy, with speculative trading in meme stocks, a SPAC revival, and AI giants dominating the S&P 500 at record valuations.","A correction looms as Trump‚Äôs tariffs threaten to reignite inflation, undercutting the Fed‚Äôs rate cuts. With gold and silver spiking as hedges and transport stocks slumping, investors see mounting signs the rally could be on borrowed time.",Wall Street Journal,wsj.com,,,"Sep 30, 2025"
Trump Tyranny Tracker: Day 253,üëäüèº In Resistance News,,,50501,"50501 ‚Äî 50 protests, 50 states, 1 movement",,"https://static.wixstatic.com/media/bb9e7e_28e87a40a5ef4aeba3a3c4ebc7650a54%7Emv2.png/v1/fit/w_2500,h_1330,al_c/bb9e7e_28e87a40a5ef4aeba3a3c4ebc7650a54%7Emv2.png","Sep 30, 2025"
Trump Tyranny Tracker: Day 253,üëäüèº In Resistance News,"A federal judge temporarily halted Trump‚Äôs attempt to purge 532 jobs at the U.S. Agency for Global Media, which oversees Voice of America. Judge Royce Lamberth slammed officials for ‚Äúconcerning disrespect‚Äù toward the court, noting the layoffs were pushed hours after government lawyers claimed they were only a possibility.",,CNN,Judge suspends Trump administration‚Äôs plan to eliminate hundreds of Voice of America jobs,Associated Press,"https://media.cnn.com/api/v1/images/stellar/prod/c-gettyimages-2204945902.jpg?c=16x9&q=w_800,c_fill","Sep 30, 2025"
Trump Tyranny Tracker: Day 253,üî• In Corruption News,"Trump is pushing the U.S. toward a shutdown, the economy is deteriorating, and farmers are on the verge of bankruptcy‚Äîyet his regime is bailing out Argentina‚Äôs economy. This ridiculous deal is about enriching Trump‚Äôs cronies while abandoning Americans at home.",Mother Jones,https://www.motherjones.com/politics/2025/09/trump-argentina-bailout-hedge-fund-billionaire-rob-citrone-scott-bessent/,,,,"Sep 30, 2025"
Trump Tyranny Tracker: Day 253,üî• In Corruption News,"The settlement turns a ‚Äúfree-speech‚Äù fight into a cash pipeline for Trump‚Äôs vanity projects. By steering corporate payouts into his ballroom, he‚Äôs blurring public office and private gain, converting legal battles into revenue streams for his empire.",CBS News,https://www.cbsnews.com/news/youtube-settles-trump-lawsuit-white-house-ballroom/,,,,"Sep 30, 2025"
Trump Tyranny Tracker: Day 253,üõ°Ô∏è In Power Consolidation News,"Vought is enforcing Project 2025, an authoritarian plan to shred checks and balances. He‚Äôs gutting agencies, purging civil servants, and locking in Trump‚Äôs control‚Äîturning the U.S. government into a weapon of Trump‚Äôs rule.",New York Times,https://www.nytimes.com/2025/09/29/us/politics/russell-vought-trump-budget.html,,,,"Sep 30, 2025"
Trump Tyranny Tracker: Day 253,üõ°Ô∏è In Power Consolidation News,"Trump is weaponizing government to crush his opponents and carry out his retribution, and this is only the beginning. Our taxpayer-funded agencies are being turned into his personal enforcers, following the same authoritarian playbook Putin used to erase dissent and cement power.",New York Times,https://www.nytimes.com/2025/09/28/us/politics/trump-comey-retribution-precedent.html,,,,"Sep 30, 2025"
Trump Tyranny Tracker: Day 253,‚öñÔ∏è In Weaponization of Institutions News,Using weapons-grade plutonium for power blurs the line between defense stockpiles and industry supply chains. It weakens nuclear deterrence and fuels global risks‚Äîall to prop up an unproven reactor market and meet AI‚Äôs surging energy demand.,Politico,https://www.politico.com/news/2025/09/29/trumps-nuclear-power-push-stirs-worries-about-us-weapons-stockpile-00583424,,,,"Sep 30, 2025"
Trump Tyranny Tracker: Day 253,‚öñÔ∏è In Weaponization of Institutions News,Trump is expanding a police state by normalizing military occupations of Democratic-led cities. Oregon‚Äôs lawsuit will test whether courts can rein in his push to override state authority and use federal troops for political control.,Reuters,https://www.reuters.com/world/us/pentagon-calls-up-200-national-guard-troops-after-trump-portland-announcement-2025-09-28/,,,,"Sep 30, 2025"
Trump Tyranny Tracker: Day 253,‚öñÔ∏è In Weaponization of Institutions News,"This escalates Trump‚Äôs purge of FBI leaders, weaponizing the DOJ to criminalize perceived enemies. By targeting Wray, his own appointee, Trump shows that no one is safe, shredding the independence of U.S. law enforcement and tightening his authoritarian grip.",CNN,https://www.cnn.com/2025/09/29/politics/trumps-doj-probes-former-fbi-leadership,,,,"Sep 30, 2025"
Trump Tyranny Tracker: Day 253,‚öñÔ∏è In Weaponization of Institutions News,"Echoing Trump‚Äôs Ukraine aid freeze, the ruling shows a pattern of abusing budget powers for political aims. By unlawfully blocking disaster and shelter funds, Trump undermines Congress‚Äôs authority and leaves vulnerable communities without critical support.",The Hill,https://thehill.com/policy/energy-environment/5527698-trump-fema-grants-violation/,,,,"Sep 30, 2025"
Trump Tyranny Tracker: Day 253,‚öñÔ∏è In Weaponization of Institutions News,"Targeting Soros and OSF expands Trump‚Äôs weaponized DOJ from political rivals to civil society. By branding nonprofits as ‚Äúterrorism,‚Äù he is normalizing authoritarian tactics to criminalize dissent and erode democracy.",NPR,https://www.npr.org/2025/09/29/nx-s1-5554232/george-soros-foundations-investigation-doj-trump,,,,"Sep 30, 2025"
Trump Tyranny Tracker: Day 253,‚öñÔ∏è In Weaponization of Institutions News,"The reversal underscores Trump‚Äôs embrace of abusive enforcement tactics and disregard for accountability. By restoring the officer, he reiterates that brutality is not only tolerated but rewarded.",CBS News,https://www.cbsnews.com/news/ice-officer-pushed-woman-video-returns-to-duty/,,,,"Sep 30, 2025"
Trump Tyranny Tracker: Day 253,‚öñÔ∏è In Weaponization of Institutions News,"Federal agents continue openly bypassing due process, using militarized raids in public spaces to target families with young children. Disappearing people without legal authority shreds constitutional protections.",Chicago Tribune,https://www.chicagotribune.com/2025/09/29/ice-immigrant-families-ohare/,,,,"Sep 30, 2025"
Trump Tyranny Tracker: Day 253,‚öñÔ∏è In Weaponization of Institutions News,This is racial profiling on steroids‚Äîfederal agents targeting people by appearance in the heart of U.S. cities. Trump is using militarized roundups to erode constitutional protections and stage intimidation spectacles.,Chicago Sun Times,https://chicago.suntimes.com/immigration/2025/09/28/ice-agents-spotted-downtown-on-michigan-avenue-along-chicago-river,,,,"Sep 30, 2025"
Trump Tyranny Tracker: Day 253,‚öñÔ∏è In Weaponization of Institutions News,The case highlights how Trump‚Äôs DOJ is weaponizing civil rights law selectively‚Äîcurtailing its use against anti-abortion activists while expanding it against pro-Palestinian groups. It marks another step in criminalizing dissent.,Reuters,https://www.reuters.com/legal/government/doj-sues-over-pro-palestinian-protest-using-law-abortion-clinic-access-2025-09-29/,,,,"Sep 30, 2025"
Trump Tyranny Tracker: Day 253,‚öñÔ∏è In Weaponization of Institutions News,"Trump‚Äôs purge of whistleblowers and civil rights lawyers guts a cornerstone of U.S. anti-discrimination protections. By silencing those tasked with enforcing housing rights, he‚Äôs dismantling safeguards and consolidating power through fear.",New York Times,https://www.nytimes.com/2025/09/29/us/politics/hud-lawyers-whistleblowers.html,,,,"Sep 30, 2025"
Trump Tyranny Tracker: Day 253,‚öñÔ∏è In Weaponization of Institutions News,"Trump is defying U.S. courts and international law, weaponizing disappearances as collective punishment. Vulnerable people are being dumped into danger, shredding due process and basic human rights.",The Guardian,https://www.theguardian.com/us-news/2025/sep/29/west-africans-deported-us-ice-ghana-togo,,,,"Sep 30, 2025"
Trump Tyranny Tracker: Day 253,‚öñÔ∏è In Weaponization of Institutions News,"This is the most extreme escalation yet in Trump‚Äôs war on elite universities, effectively threatening Harvard with financial annihilation. It‚Äôs part of a broader campaign to weaponize federal funding against institutions seen as ideological enemies.",Bloomberg,https://www.bloomberg.com/news/articles/2025-09-29/us-recommends-harvard-be-excluded-from-federal-funding-hhs-says?srnd=phx-us-politics,,,,"Sep 30, 2025"
Trump Tyranny Tracker: Day 253,‚öñÔ∏è In Weaponization of Institutions News,"The strategy politicizes the military and weakens alliances, sidelining China as a threat. By tying defense to Trump‚Äôs domestic agenda and purging generals, Hegseth is turning the Pentagon into a partisan weapon‚Äîas Trump launches a war on the American people.",Washington Post,https://www.washingtonpost.com/national-security/2025/09/29/hegseth-national-defense-strategy-trump-dissent/,,,,"Sep 30, 2025"
Trump Tyranny Tracker: Day 253,‚öñÔ∏è In Weaponization of Institutions News,"This is a direct assault on the housing safety net amid record rents and homelessness. Framed as ‚Äúself-sufficiency,‚Äù the plan will uproot children, destabilize families, and leave millions without shelter.",ProPublica,https://www.propublica.org/article/trump-housing-reforms-aid-hud-immigration-homelessness,,,,"Sep 30, 2025"
Trump Tyranny Tracker: Day 253,‚öñÔ∏è In Weaponization of Institutions News,"Trump vowed a drug war but gutted real investigations to feed his deportation machine. The pivot leaves fentanyl pipelines unchecked, cripples cartel cases, and turns federal law enforcement into little more than political theater.",Reuters,https://www.reuters.com/legal/government/federal-drug-prosecutions-fall-lowest-level-decades-trump-shifts-focus-2025-09-29/,,,,"Sep 30, 2025"
Trump Tyranny Tracker: Day 253,‚öñÔ∏è In Weaponization of Institutions News,"By hollowing out FEMA, Trump is dismantling disaster response and leaving states to fend for themselves. Communities from Missouri to Texas are paying the price now, with future hurricanes, floods, and wildfires poised to unleash even greater chaos.",Wall Street Journal,https://www.wsj.com/politics/policy/fema-delay-disaster-response-st-louis-1152f03c?mod=hp_lead_pos7,,,,"Sep 30, 2025"
Trump Tyranny Tracker: Day 253,‚öñÔ∏è In Weaponization of Institutions News,"Thousands of struggling families are now left without fresh food or safe housing in a region still reeling from Hurricane Helene. The shutdown shows how Trump‚Äôs cuts to social safety nets are stripping away lifelines for the poor, leaving long-term health and economic fallout.",New York Times,https://www.nytimes.com/2025/09/29/health/north-carolina-medicaid-food-housing.html,,,,"Sep 30, 2025"
Trump Tyranny Tracker: Day 253,‚öñÔ∏è In Weaponization of Institutions News,"Trump continues reversing clean-energy gains and subsidizing the dirtiest fuel in America. The policy locks in decades of pollution, sidelines cheaper renewables, and props up a dying industry to serve his fossil-fuel agenda and donors.",Associated Press,https://apnews.com/article/trump-coal-mining-power-climate-burgum-electricity-eebec80c6060f37890de8dc18a1732ec,,,,"Sep 30, 2025"
Trump Tyranny Tracker: Day 253,‚öñÔ∏è In Weaponization of Institutions News,"Trump‚Äôs coal-first agenda is driving residents in America‚Äôs coal capital into energy poverty, with families paying rent-sized energy bills. The state‚Äôs reliance on costly, aging coal plants shows how fossil-fuel dependency locks consumers into decades of higher prices while cleaner, cheaper alternatives are sidelined.",New York Times,https://www.nytimes.com/2025/09/29/business/west-virginia-electricity-prices-coal.html,,,,"Sep 30, 2025"
Trump Tyranny Tracker: Day 253,‚öñÔ∏è In Weaponization of Institutions News,"The U.S. has the tools to end the HIV epidemic, with breakthroughs like long-acting PrEP, but gutting prevention and treatment programs will reverse hard-won gains. The cuts reflect Trump‚Äôs broader push to dismantle public health funding while prioritizing tax breaks for the wealthy.",NBC News,https://www.nbcnews.com/health/sexual-health/republicans-seek-deep-cuts-hiv-prevention-treatment-funding-rcna233776,,,,"Sep 30, 2025"
Trump Tyranny Tracker: Day 253,‚öñÔ∏è In Weaponization of Institutions News,"Trump‚Äôs rollback leaves millions of disabled passengers vulnerable to abuse, gutting accountability for airlines that damage or lose mobility devices. By siding with corporate interests, the regime is stripping away basic rights and dignity in air travel.",Reuters,https://www.reuters.com/world/usdot-will-not-enforce-biden-wheelchair-passenger-protection-rule-2025-09-29/,,,,"Sep 30, 2025"
Trump Tyranny Tracker: Day 253,‚öñÔ∏è In Weaponization of Institutions News,"Miller‚Äôs control highlights how Trump has centralized war-making in loyalists under shaky legal cover, bypassing normal oversight. The strikes risk sparking regional conflict while normalizing unilateral executive use of military force without Congress or allies.",The Guardian,https://www.theguardian.com/us-news/2025/sep/29/stephen-miller-venezuela-drug-boat-strike,,,,"Sep 30, 2025"
Trump Tyranny Tracker: Day 253,‚öñÔ∏è In Weaponization of Institutions News,"The drills deepen Ukraine-Denmark defense ties while directly responding to Russia-linked aerial threats on NATO‚Äôs northern flank. With Europe facing escalating drone warfare, Ukraine‚Äôs battlefield experience is a critical asset for allied security.",Kyiv Independent,https://kyivindependent.com/ukrainian-specialists-join-danish-forces-for-counter-drone-drills-amid-airspace-violations/,,,,"Sep 30, 2025"
Trump Tyranny Tracker: Day 253,‚öñÔ∏è In Weaponization of Institutions News,"The plan highlights Ukraine‚Äôs frontline expertise as NATO scrambles to respond to Russian airspace incursions in Poland and the Baltics. But Germany warns a full ‚Äúdrone wall‚Äù could take years, underscoring both Europe‚Äôs urgency and its lagging defense capacity against escalating Russian threats.",Reuters,https://www.reuters.com/business/aerospace-defense/ukraines-zelenskiy-proposes-joint-aerial-shield-with-european-allies-2025-09-29/,,,,"Sep 30, 2025"
Trump Tyranny Tracker: Day 253,‚öñÔ∏è In Weaponization of Institutions News,"The result is a decisive victory for Moldova‚Äôs EU path and a blow to Moscow‚Äôs efforts to pull the country back into its orbit. With a majority, PAS can push reforms and EU accession plans, though Russia‚Äôs hybrid warfare will continue.",NPR,https://www.npr.org/2025/09/29/nx-s1-5556800/moldova-pro-eu-party-wins-elections-russia,,,,"Sep 30, 2025"
Trump Tyranny Tracker: Day 253,‚öñÔ∏è In Weaponization of Institutions News,"While Trump boasts of punishing foreign rivals, his tariffs are crushing America‚Äôs economic backbone‚Äîsmall businesses that employ millions. Many now face bankruptcy or layoffs, deepening economic inequality and exposing how Trump‚Äôs trade wars hit ordinary entrepreneurs hardest.",New York Times,https://www.nytimes.com/2025/09/29/business/trump-tariffs-small-businesses.html,,,,"Sep 30, 2025"
Trump Tyranny Tracker: Day 253,‚öñÔ∏è In Weaponization of Institutions News,"Trump‚Äôs tariffs wiped out America‚Äôs top farm export market, driving China to Argentina while U.S. farmers drown in unsold crops. As the Midwest faces financial ruin, Trump is betraying U.S. farmers at home even as he bails out Argentina‚Äôs economy abroad.",New York Times,https://www.nytimes.com/2025/09/25/business/china-soybean-sales-farmers.html,,,,"Sep 30, 2025"
Trump Tyranny Tracker: Day 253,‚öñÔ∏è In Weaponization of Institutions News,"The threats add chaos to Trump‚Äôs already erratic trade regime, unsettling businesses while offering little clarity on enforcement. A movie tariff in particular would be nearly impossible to implement, underscoring Trump‚Äôs use of trade policy as political theater.",Bloomberg,https://www.bloomberg.com/news/articles/2025-09-29/trump-threatens-fresh-tariffs-related-to-furniture-movies?srnd=phx-us-politics,,,,"Sep 30, 2025"
Trump Tyranny Tracker: Day 253,‚öñÔ∏è In Weaponization of Institutions News,"A correction looms as Trump‚Äôs tariffs threaten to reignite inflation, undercutting the Fed‚Äôs rate cuts. With gold and silver spiking as hedges and transport stocks slumping, investors see mounting signs the rally could be on borrowed time.",Wall Street Journal,https://www.wsj.com/finance/stocks/investors-are-fretting-that-the-stock-market-rally-is-on-borrowed-time-dc6834d8?mod=hp_lead_pos5,,,,"Sep 30, 2025"
Trump Tyranny Tracker: Day 253,üëäüèº In Resistance News,,CNN,https://www.cnn.com/2025/09/29/politics/judge-suspends-trump-plan-to-eliminate-voa-jobs-hnk,,,,"Sep 30, 2025"
